title,brand,category,price,date,rating,num_of_ratings,link
"<span class=""a-size-large product-title-word-break"" id=""productTitle"">
            De'Longhi EcoDecalk Descaler, Eco-Friendly Universal Descaling Solution for Coffee &amp; Espresso Machines, 16.90 oz (5 uses)
           </span>","<a class=""a-link-normal"" href=""/-/en/s/ref=bl_dp_s_web_18021933031?ie=UTF8&amp;node=18021933031&amp;field-brandtextbin=De%27Longhi"" id=""bylineInfo"">
           Brand: De'Longhi
          </a>",N/A,,09/01/2023,"<span class=""a-icon-alt"">
                4.7 out of 5 stars
               </span>","<span class=""a-size-base"" id=""acrCustomerReviewText"">
             78,409 ratings
            </span>",https://www.amazon.eg/-/en/DeLonghi-EcoDecalk-Eco-Friendly-Universal-Descaling/dp/B008YETL18/ref=sr_1_10?qid=1673220480&refinements=p_72%3A21909187031&rnid=21864088031&s=home-garden&sr=1-10
"<span class=""a-size-large product-title-word-break"" id=""productTitle"">
            De'Longhi Espresso Coffee Maker -(international warranty)- Black, ECP35.31
           </span>","<a class=""a-link-normal"" href=""/-/en/s/ref=bl_dp_s_web_18021933031?ie=UTF8&amp;node=18021933031&amp;field-brandtextbin=De%27Longhi"" id=""bylineInfo"">
           Brand: De'Longhi
          </a>",N/A,"<span class=""a-price"" data-a-color=""price"" data-a-size=""m"" id=""tp_price_block_total_price_ww"">
<span class=""a-offscreen"">
                              EGP 4,999.00
                             </span>
<span aria-hidden=""true"">
<span class=""a-price-symbol"">
</span>
<span class=""a-price-whole"">
                               4,999
                               <span class=""a-price-decimal"">
                                .
                               </span>
</span>
<span class=""a-price-fraction"">
                               00
                              </span>
</span>
</span>",09/01/2023,"<span class=""a-icon-alt"">
                4.2 out of 5 stars
               </span>","<span class=""a-size-base"" id=""acrCustomerReviewText"">
             1,373 ratings
            </span>",https://www.amazon.eg/-/en/DeLonghi-Espresso-international-warranty-ECP35-31/dp/B013GDE0SU/ref=sr_1_14?qid=1673220480&refinements=p_72%3A21909187031&rnid=21864088031&s=home-garden&sr=1-14
"<span class=""a-size-large product-title-word-break"" id=""productTitle"">
            Kenwood HB510 Stainless Steel Hand Blender 200 Watts - White
           </span>","<a class=""a-link-normal"" href=""/-/en/s/ref=bl_dp_s_web_18021933031?ie=UTF8&amp;node=18021933031&amp;field-brandtextbin=Kenwood"" id=""bylineInfo"">
           Brand: Kenwood
          </a>",N/A,,09/01/2023,"<span class=""a-icon-alt"">
                4.1 out of 5 stars
               </span>","<span class=""a-size-base"" id=""acrCustomerReviewText"">
             18 ratings
            </span>",https://www.amazon.eg/-/en/Kenwood-HB510-Stainless-Steel-Blender/dp/B01H3BV1RE/ref=sr_1_8?qid=1673220855&refinements=p_72%3A21909187031&s=home-garden&sr=1-8
"<span class=""a-size-large product-title-word-break"" id=""productTitle"">
            Braun MQ500 Multiquick 5 Soup Hand Blender, 600 Watt ( International warranty )
           </span>","<a class=""a-link-normal"" href=""/-/en/s/ref=bl_dp_s_web_18021933031?ie=UTF8&amp;node=18021933031&amp;field-brandtextbin=Braun"" id=""bylineInfo"">
           Brand: Braun
          </a>",N/A,,09/01/2023,"<span class=""a-icon-alt"">
                4.5 out of 5 stars
               </span>","<span class=""a-size-base"" id=""acrCustomerReviewText"">
             297 ratings
            </span>",https://www.amazon.eg/-/en/Braun-MQ500-Multiquick-International-warranty/dp/B00KL5UCOS/ref=sr_1_25?qid=1673220857&refinements=p_72%3A21909187031&s=home-garden&sr=1-25
"<span class=""a-size-large product-title-word-break"" id=""productTitle"">
            Bosch Hand Blender MS6CM6155, ErgoMixx, 1000 W,Stainless Steel
           </span>","<a class=""a-link-normal"" href=""/-/en/s/ref=bl_dp_s_web_18021933031?ie=UTF8&amp;node=18021933031&amp;field-brandtextbin=Bosch"" id=""bylineInfo"">
           Brand: Bosch
          </a>",N/A,,09/01/2023,"<span class=""a-icon-alt"">
                4.7 out of 5 stars
               </span>","<span class=""a-size-base"" id=""acrCustomerReviewText"">
             1,197 ratings
            </span>",https://www.amazon.eg/-/en/Bosch-Blender-MS6CM6155-ErgoMixx-Stainless/dp/B07WZPZCNT/ref=sr_1_95?qid=1673220865&refinements=p_72%3A21909187031&s=home-garden&sr=1-95
"<span class=""a-size-large product-title-word-break"" id=""productTitle"">
            Braun Minipimer 3 MQ3000 Smoothie MQ3000WH Hand Mixer, Plastic, 700 W, White
           </span>","<a class=""a-link-normal"" href=""/-/en/s/ref=bl_dp_s_web_18021933031?ie=UTF8&amp;node=18021933031&amp;field-brandtextbin=Braun"" id=""bylineInfo"">
           Brand: Braun
          </a>",N/A,,09/01/2023,"<span class=""a-icon-alt"">
                4.5 out of 5 stars
               </span>","<span class=""a-size-base"" id=""acrCustomerReviewText"">
             470 ratings
            </span>",https://www.amazon.eg/Braun-Minipimer-MQ3000-Smoothie-MQ3000WH/dp/B06X97CBS9/ref=sr_1_100?qid=1673220867&refinements=p_72%3A21909187031&s=home-garden&sr=1-100
"<span class=""a-size-large product-title-word-break"" id=""productTitle"">
            Braun MultiQuick 3 MQ3035 Hand Blender 700 Watt - White
           </span>","<a class=""a-link-normal"" href=""/-/en/s/ref=bl_dp_s_web_18021990031?ie=UTF8&amp;node=18021990031&amp;field-brandtextbin=Braun"" id=""bylineInfo"">
           Brand: Braun
          </a>",N/A,,09/01/2023,"<span class=""a-icon-alt"">
                4.6 out of 5 stars
               </span>","<span class=""a-size-base"" id=""acrCustomerReviewText"">
             127 ratings
            </span>",https://www.amazon.eg/Braun-MultiQuick-MQ3035-Hand-Blender/dp/B06XJ69JMB/ref=sr_1_110?qid=1673220867&refinements=p_72%3A21909187031&s=home-garden&sr=1-110
"<span class=""a-size-large product-title-word-break"" id=""productTitle"">
            Braun MQ9047X MultiQuick 9 Hand blender - 1000 Watt
           </span>","<a class=""a-link-normal"" href=""/-/en/s/ref=bl_dp_s_web_18021933031?ie=UTF8&amp;node=18021933031&amp;field-brandtextbin=Braun"" id=""bylineInfo"">
           Brand: Braun
          </a>",N/A,,09/01/2023,"<span class=""a-icon-alt"">
                4.8 out of 5 stars
               </span>","<span class=""a-size-base"" id=""acrCustomerReviewText"">
             11 ratings
            </span>",https://www.amazon.eg/-/en/Braun-MQ9047X-MultiQuick-Hand-blender/dp/B07P9QDRSB/ref=sr_1_119?qid=1673220869&refinements=p_72%3A21909187031&s=home-garden&sr=1-119
"<span class=""a-size-large product-title-word-break"" id=""productTitle"">
            Braun MQ3020 MultiQuick 3 Hand Blender 700 watt White Blue
           </span>","<a class=""a-link-normal"" href=""/-/en/s/ref=bl_dp_s_web_18021933031?ie=UTF8&amp;node=18021933031&amp;field-brandtextbin=Braun"" id=""bylineInfo"">
           Brand: Braun
          </a>",N/A,,09/01/2023,"<span class=""a-icon-alt"">
                4.4 out of 5 stars
               </span>","<span class=""a-size-base"" id=""acrCustomerReviewText"">
             130 ratings
            </span>",https://www.amazon.eg/Braun-MQ3020-MultiQuick-Blender-White/dp/B06VYBK7LS/ref=sr_1_134?qid=1673220872&refinements=p_72%3A21909187031&s=home-garden&sr=1-134
"<span class=""a-size-large product-title-word-break"" id=""productTitle"">
            Braun Blender Jug Base Nut
           </span>","<a class=""a-link-normal"" href=""/-/en/s/ref=bl_dp_s_web_18021933031?ie=UTF8&amp;node=18021933031&amp;field-brandtextbin=Braun"" id=""bylineInfo"">
           Brand: Braun
          </a>",N/A,"<span class=""a-price"" data-a-color=""price"" data-a-size=""m"" id=""tp_price_block_total_price_ww"">
<span class=""a-offscreen"">
                              EGP 179.00
                             </span>
<span aria-hidden=""true"">
<span class=""a-price-symbol"">
</span>
<span class=""a-price-whole"">
                               179
                               <span class=""a-price-decimal"">
                                .
                               </span>
</span>
<span class=""a-price-fraction"">
                               00
                              </span>
</span>
</span>",09/01/2023,"<span class=""a-icon-alt"">
                4.6 out of 5 stars
               </span>","<span class=""a-size-base"" id=""acrCustomerReviewText"">
             7 ratings
            </span>",https://www.amazon.eg/-/en/Braun-Blender-Jug-Base-Nut/dp/B089FP477V/ref=sr_1_145?qid=1673220874&refinements=p_72%3A21909187031&s=home-garden&sr=1-145
"<span class=""a-size-large product-title-word-break"" id=""productTitle"">
            Bosch MCM3200W Food Processor, 800 watt, 30 Functions, White
           </span>","<a class=""a-link-normal"" href=""/-/en/s/ref=bl_dp_s_web_18021933031?ie=UTF8&amp;node=18021933031&amp;field-brandtextbin=Bosch"" id=""bylineInfo"">
           Brand: Bosch
          </a>",N/A,"<span class=""a-price"" data-a-color=""price"" data-a-size=""m"" id=""tp_price_block_total_price_ww"">
<span class=""a-offscreen"">
                             EGP 3,499.00
                            </span>
<span aria-hidden=""true"">
<span class=""a-price-symbol"">
</span>
<span class=""a-price-whole"">
                              3,499
                              <span class=""a-price-decimal"">
                               .
                              </span>
</span>
<span class=""a-price-fraction"">
                              00
                             </span>
</span>
</span>",09/01/2023,"<span class=""a-icon-alt"">
                4.4 out of 5 stars
               </span>","<span class=""a-size-base"" id=""acrCustomerReviewText"">
             634 ratings
            </span>",https://www.amazon.eg/-/en/Bosch-MCM3200W-Processor-Functions-White/dp/B013DQF2S2/ref=sr_1_152?qid=1673220874&refinements=p_72%3A21909187031&s=home-garden&sr=1-152
"<span class=""a-size-large product-title-word-break"" id=""productTitle"">
            Russell Hobbs 300W 600ml Mix and Go Personal Blender Smoothie Maker, 21350-56
           </span>","<a class=""a-link-normal"" href=""/-/en/s/ref=bl_dp_s_web_18021933031?ie=UTF8&amp;node=18021933031&amp;field-brandtextbin=Russell+Hobbs"" id=""bylineInfo"">
           Brand: Russell Hobbs
          </a>",N/A,"<span class=""a-price"" data-a-color=""price"" data-a-size=""m"" id=""tp_price_block_total_price_ww"">
<span class=""a-offscreen"">
                              EGP 2,499.00
                             </span>
<span aria-hidden=""true"">
<span class=""a-price-symbol"">
</span>
<span class=""a-price-whole"">
                               2,499
                               <span class=""a-price-decimal"">
                                .
                               </span>
</span>
<span class=""a-price-fraction"">
                               00
                              </span>
</span>
</span>",09/01/2023,"<span class=""a-icon-alt"">
                4.3 out of 5 stars
               </span>","<span class=""a-size-base"" id=""acrCustomerReviewText"">
             4,242 ratings
            </span>",https://www.amazon.eg/-/en/Russell-Hobbs-Personal-Smoothie-21350-56/dp/B00IJOFQBM/ref=sr_1_155?qid=1673220874&refinements=p_72%3A21909187031&s=home-garden&sr=1-155
"<span class=""a-size-large product-title-word-break"" id=""productTitle"">
            Mixer flask suitable for the Moulinex model - A320
           </span>","<a class=""a-link-normal"" href=""/-/en/s/ref=bl_dp_s_web_18021933031?ie=UTF8&amp;node=18021933031&amp;field-brandtextbin=Generic"" id=""bylineInfo"">
           Brand: Generic
          </a>",N/A,"<span class=""a-price"" data-a-color=""price"" data-a-size=""m"" id=""tp_price_block_total_price_ww"">
<span class=""a-offscreen"">
                              EGP 170.00
                             </span>
<span aria-hidden=""true"">
<span class=""a-price-symbol"">
</span>
<span class=""a-price-whole"">
                               170
                               <span class=""a-price-decimal"">
                                .
                               </span>
</span>
<span class=""a-price-fraction"">
                               00
                              </span>
</span>
</span>",09/01/2023,"<span class=""a-icon-alt"">
                5.0 out of 5 stars
               </span>","<span class=""a-size-base"" id=""acrCustomerReviewText"">
             1 rating
            </span>",https://www.amazon.eg/-/en/Mixer-flask-suitable-Moulinex-model/dp/B08YNRFN2F/ref=sr_1_161?qid=1673220877&refinements=p_72%3A21909187031&s=home-garden&sr=1-161
"<span class=""a-size-large product-title-word-break"" id=""productTitle"">
            Home BL-125 Hand Blender – 250 Watt, Stainless Steel
           </span>","<a class=""a-link-normal"" href=""/-/en/s/ref=bl_dp_s_web_18021933031?ie=UTF8&amp;node=18021933031&amp;field-brandtextbin=Home"" id=""bylineInfo"">
           Brand: Home
          </a>",N/A,,09/01/2023,"<span class=""a-icon-alt"">
                5.0 out of 5 stars
               </span>","<span class=""a-size-base"" id=""acrCustomerReviewText"">
             1 rating
            </span>",https://www.amazon.eg/-/en/Home-BL-125-Hand-Blender-Stainless/dp/B091J8HC7D/ref=sr_1_162?qid=1673220877&refinements=p_72%3A21909187031&s=home-garden&sr=1-162
"<span class=""a-size-large product-title-word-break"" id=""productTitle"">
            Oikkujmhi - Portable blender jar. 18. 3 oz Juice Cup - Makes Soy Milk and Smoothie Shakes - 6 Blades Super Sharp - Rechargeable - Mini Blender Can Take With You - Great for Outdoors and Travel (blue)
           </span>","<a class=""a-link-normal"" href=""/-/en/s/ref=bl_dp_s_web_18021933031?ie=UTF8&amp;node=18021933031&amp;field-brandtextbin=Oikkujmhi"" id=""bylineInfo"">
           Brand: Oikkujmhi
          </a>",N/A,"<span class=""a-price"" data-a-color=""price"" data-a-size=""m"" id=""tp_price_block_total_price_ww"">
<span class=""a-offscreen"">
                              EGP 450.00
                             </span>
<span aria-hidden=""true"">
<span class=""a-price-symbol"">
</span>
<span class=""a-price-whole"">
                               450
                               <span class=""a-price-decimal"">
                                .
                               </span>
</span>
<span class=""a-price-fraction"">
                               00
                              </span>
</span>
</span>",09/01/2023,"<span class=""a-icon-alt"">
                4.0 out of 5 stars
               </span>","<span class=""a-size-base"" id=""acrCustomerReviewText"">
             2 ratings
            </span>",https://www.amazon.eg/-/en/Oikkujmhi-Portable-Smoothie-Rechargeable-Outdoors/dp/B0B7L9BFPT/ref=sr_1_165?qid=1673220877&refinements=p_72%3A21909187031&s=home-garden&sr=1-165
"<span class=""a-size-large product-title-word-break"" id=""productTitle"">
            Garth Dual Jumbo High Speed Blender - Free Hand Blender &amp; Beater in Kitchen appliances with high Speed
           </span>","<a class=""a-link-normal"" href=""/-/en/s/ref=bl_dp_s_web_18021933031?ie=UTF8&amp;node=18021933031&amp;field-brandtextbin=Garth"" id=""bylineInfo"">
           Brand: Garth
          </a>",N/A,"<span class=""a-price"" data-a-color=""price"" data-a-size=""m"" id=""tp_price_block_total_price_ww"">
<span class=""a-offscreen"">
                              EGP 199.00
                             </span>
<span aria-hidden=""true"">
<span class=""a-price-symbol"">
</span>
<span class=""a-price-whole"">
                               199
                               <span class=""a-price-decimal"">
                                .
                               </span>
</span>
<span class=""a-price-fraction"">
                               00
                              </span>
</span>
</span>",09/01/2023,"<span class=""a-icon-alt"">
                4.0 out of 5 stars
               </span>","<span class=""a-size-base"" id=""acrCustomerReviewText"">
             2 ratings
            </span>",https://www.amazon.eg/-/en/Garth-Dual-Jumbo-Speed-Blender/dp/B095H4TTCV/ref=sr_1_173?qid=1673220877&refinements=p_72%3A21909187031&s=home-garden&sr=1-173
"<span class=""a-size-large product-title-word-break"" id=""productTitle"">
            Extractor Blade For Ninja QB3001UKS Series Blenders | Ninja Slim blender Blade
           </span>","<a class=""a-link-normal"" href=""/-/en/s/ref=bl_dp_s_web_18021933031?ie=UTF8&amp;node=18021933031&amp;field-brandtextbin=NUTRiMATE"" id=""bylineInfo"">
           Brand: NUTRiMATE
          </a>",N/A,,09/01/2023,"<span class=""a-icon-alt"">
                5.0 out of 5 stars
               </span>","<span class=""a-size-base"" id=""acrCustomerReviewText"">
             2 ratings
            </span>",https://www.amazon.eg/-/en/Extractor-Blade-QB3001UKS-Blenders-blender/dp/B08YZ2C8X2/ref=sr_1_176?qid=1673220877&refinements=p_72%3A21909187031&s=home-garden&sr=1-176
"<span class=""a-size-large product-title-word-break"" id=""productTitle"">
            U-HOOME Non-stick Burger Press Patty Maker Mold, Aluminum Hamburger Press Patty Maker to Make Stuffed Burger, Sliders Burger, Beef Burger
           </span>","<a class=""a-link-normal"" href=""/-/en/s/ref=bl_dp_s_web_18021933031?ie=UTF8&amp;node=18021933031&amp;field-brandtextbin=U-HOOME"" id=""bylineInfo"">
           Brand: U-HOOME
          </a>",N/A,"<span class=""a-price"" data-a-color=""price"" data-a-size=""m"" id=""tp_price_block_total_price_ww"">
<span class=""a-offscreen"">
                              EGP 199.00
                             </span>
<span aria-hidden=""true"">
<span class=""a-price-symbol"">
</span>
<span class=""a-price-whole"">
                               199
                               <span class=""a-price-decimal"">
                                .
                               </span>
</span>
<span class=""a-price-fraction"">
                               00
                              </span>
</span>
</span>",09/01/2023,"<span class=""a-icon-alt"">
                4.1 out of 5 stars
               </span>","<span class=""a-size-base"" id=""acrCustomerReviewText"">
             2 ratings
            </span>",https://www.amazon.eg/-/en/U-HOOME-Non-stick-Aluminum-Hamburger-Stuffed/dp/B08VJ2YTC8/ref=sr_1_178?qid=1673220878&refinements=p_72%3A21909187031&s=home-garden&sr=1-178
"<span class=""a-size-large product-title-word-break"" id=""productTitle"">
            Russell Hobbs 300W 600ml Mix and Go Personal Blender Smoothie Maker - 21350
           </span>","<a class=""a-link-normal"" href=""/-/en/s/ref=bl_dp_s_web_18021933031?ie=UTF8&amp;node=18021933031&amp;field-brandtextbin=Russell+Hobbs"" id=""bylineInfo"">
           Brand: Russell Hobbs
          </a>",N/A,"<span class=""a-price"" data-a-color=""price"" data-a-size=""m"" id=""tp_price_block_total_price_ww"">
<span class=""a-offscreen"">
                             EGP 2,999.00
                            </span>
<span aria-hidden=""true"">
<span class=""a-price-symbol"">
</span>
<span class=""a-price-whole"">
                              2,999
                              <span class=""a-price-decimal"">
                               .
                              </span>
</span>
<span class=""a-price-fraction"">
                              00
                             </span>
</span>
</span>",09/01/2023,"<span class=""a-icon-alt"">
                4.5 out of 5 stars
               </span>","<span class=""a-size-base"" id=""acrCustomerReviewText"">
             3 ratings
            </span>",https://www.amazon.eg/-/en/Russell-Hobbs-Personal-Blender-Smoothie/dp/B00H847SD8/ref=sr_1_184?qid=1673220878&refinements=p_72%3A21909187031&s=home-garden&sr=1-184
"<span class=""a-size-large product-title-word-break"" id=""productTitle"">
            Braun Minipimer 3 MQ3000 Smoothie MQ3000WH Hand Mixer, Plastic, 700 W, White
           </span>","<a class=""a-link-normal"" href=""/-/en/s/ref=bl_dp_s_web_18021933031?ie=UTF8&amp;node=18021933031&amp;field-brandtextbin=Braun"" id=""bylineInfo"">
           Brand: Braun
          </a>",N/A,,09/01/2023,"<span class=""a-icon-alt"">
                4.5 out of 5 stars
               </span>","<span class=""a-size-base"" id=""acrCustomerReviewText"">
             470 ratings
            </span>",https://www.amazon.eg/Braun-Minipimer-MQ3000-Smoothie-MQ3000WH/dp/B06X97CBS9/ref=sr_1_75?qid=1673223311&refinements=p_72%3A21909187031&rnid=21863955031&s=home-garden&sr=1-75
"<span class=""a-size-large product-title-word-break"" id=""productTitle"">
            Electric Garlic Chopper, HI NINGER 3 in 1 Wireless Garlic Chopper Portable Hand Mixer USB Rechargeable, 3-Speed Adjustable Electric Whisk Cordless Handheld Mixer for Egg Beater, Baking &amp; Cooking
           </span>","<a class=""a-link-normal"" href=""/-/en/s/ref=bl_dp_s_web_18021933031?ie=UTF8&amp;node=18021933031&amp;field-brandtextbin=HI+NINGER"" id=""bylineInfo"">
           Brand: HI NINGER
          </a>",N/A,"<span class=""a-price"" data-a-color=""price"" data-a-size=""m"" id=""tp_price_block_total_price_ww"">
<span class=""a-offscreen"">
                              EGP 400.00
                             </span>
<span aria-hidden=""true"">
<span class=""a-price-symbol"">
</span>
<span class=""a-price-whole"">
                               400
                               <span class=""a-price-decimal"">
                                .
                               </span>
</span>
<span class=""a-price-fraction"">
                               00
                              </span>
</span>
</span>",09/01/2023,"<span class=""a-icon-alt"">
                4.2 out of 5 stars
               </span>","<span class=""a-size-base"" id=""acrCustomerReviewText"">
             24 ratings
            </span>",https://www.amazon.eg/-/en/Electric-HI-NINGER-Rechargeable-Adjustable/dp/B09MTDVYDL/ref=sr_1_103?qid=1673223315&refinements=p_72%3A21909187031&rnid=21863955031&s=home-garden&sr=1-103
"<span class=""a-size-large product-title-word-break"" id=""productTitle"">
            Arshia Hand Mixer With Bowl 300W HM135 Black
           </span>","<a class=""a-link-normal"" href=""/-/en/s/ref=bl_dp_s_web_18021933031?ie=UTF8&amp;node=18021933031&amp;field-brandtextbin=Arshia"" id=""bylineInfo"">
           Brand: Arshia
          </a>",N/A,"<span class=""a-price"" data-a-color=""price"" data-a-size=""m"" id=""tp_price_block_total_price_ww"">
<span class=""a-offscreen"">
                              EGP 1,550.00
                             </span>
<span aria-hidden=""true"">
<span class=""a-price-symbol"">
</span>
<span class=""a-price-whole"">
                               1,550
                               <span class=""a-price-decimal"">
                                .
                               </span>
</span>
<span class=""a-price-fraction"">
                               00
                              </span>
</span>
</span>",09/01/2023,"<span class=""a-icon-alt"">
                5.0 out of 5 stars
               </span>","<span class=""a-size-base"" id=""acrCustomerReviewText"">
             1 rating
            </span>",https://www.amazon.eg/-/en/Arshia-Hand-Mixer-HM135-Black/dp/B092373M2X/ref=sr_1_105?qid=1673223315&refinements=p_72%3A21909187031&rnid=21863955031&s=home-garden&sr=1-105
"<span class=""a-size-large product-title-word-break"" id=""productTitle"">
            Household Stainless Steel Semi-Automatic Egg Beater, Hand Mixer Blender for Cream, Jam, Flour, 34x7cm
           </span>","<a class=""a-link-normal"" href=""/-/en/s/ref=bl_dp_s_web_18021933031?ie=UTF8&amp;node=18021933031&amp;field-brandtextbin=Mumusuki"" id=""bylineInfo"">
           Brand: Mumusuki
          </a>",N/A,"<span class=""a-price"" data-a-color=""price"" data-a-size=""m"" id=""tp_price_block_total_price_ww"">
<span class=""a-offscreen"">
                              EGP 144.00
                             </span>
<span aria-hidden=""true"">
<span class=""a-price-symbol"">
</span>
<span class=""a-price-whole"">
                               144
                               <span class=""a-price-decimal"">
                                .
                               </span>
</span>
<span class=""a-price-fraction"">
                               00
                              </span>
</span>
</span>",09/01/2023,"<span class=""a-icon-alt"">
                5.0 out of 5 stars
               </span>","<span class=""a-size-base"" id=""acrCustomerReviewText"">
             1 rating
            </span>",https://www.amazon.eg/-/en/Household-Stainless-Semi-Automatic-Beater-Blender/dp/B087QJ1S1D/ref=sr_1_108?qid=1673223315&refinements=p_72%3A21909187031&rnid=21863955031&s=home-garden&sr=1-108
"<span class=""a-size-large product-title-word-break"" id=""productTitle"">
            TAURUS GIRO 500W
           </span>","<a class=""a-link-normal"" href=""/-/en/s/ref=bl_dp_s_web_18021933031?ie=UTF8&amp;node=18021933031&amp;field-brandtextbin=Taurus"" id=""bylineInfo"">
           Brand: Taurus
          </a>",N/A,"<span class=""a-price"" data-a-color=""price"" data-a-size=""m"" id=""tp_price_block_total_price_ww"">
<span class=""a-offscreen"">
                             EGP 895.00
                            </span>
<span aria-hidden=""true"">
<span class=""a-price-symbol"">
</span>
<span class=""a-price-whole"">
                              895
                              <span class=""a-price-decimal"">
                               .
                              </span>
</span>
<span class=""a-price-fraction"">
                              00
                             </span>
</span>
</span>",09/01/2023,"<span class=""a-icon-alt"">
                4.3 out of 5 stars
               </span>","<span class=""a-size-base"" id=""acrCustomerReviewText"">
             115 ratings
            </span>",https://www.amazon.eg/-/en/Taurus-Giro-TAURUS-GIRO-500W/dp/B079X86P9Z/ref=sr_1_110?qid=1673223315&refinements=p_72%3A21909187031&rnid=21863955031&s=home-garden&sr=1-110
"<span class=""a-size-large product-title-word-break"" id=""productTitle"">
            Viski 3510 Admiral Wood Cigar Cutter, Stainless Steel, Silver
           </span>","<a class=""a-link-normal"" href=""/-/en/s/ref=bl_dp_s_web_18021933031?ie=UTF8&amp;node=18021933031&amp;field-brandtextbin=Viski"" id=""bylineInfo"">
           Brand: Viski
          </a>",N/A,"<span class=""a-price"" data-a-color=""price"" data-a-size=""m"" id=""tp_price_block_total_price_ww"">
<span class=""a-offscreen"">
                             EGP 450.00
                            </span>
<span aria-hidden=""true"">
<span class=""a-price-symbol"">
</span>
<span class=""a-price-whole"">
                              450
                              <span class=""a-price-decimal"">
                               .
                              </span>
</span>
<span class=""a-price-fraction"">
                              00
                             </span>
</span>
</span>",09/01/2023,"<span class=""a-icon-alt"">
                4.5 out of 5 stars
               </span>","<span class=""a-size-base"" id=""acrCustomerReviewText"">
             2 ratings
            </span>",https://www.amazon.eg/-/en/Viski-3510-Admiral-Cutter-Stainless/dp/B00LASU15A/ref=sr_1_111?qid=1673223315&refinements=p_72%3A21909187031&rnid=21863955031&s=home-garden&sr=1-111
"<span class=""a-size-large product-title-word-break"" id=""productTitle"">
            Kenwood 2 Slice Toaster,Stylish Design To Compliment Any Kitchen, TCP01.AOWH
           </span>","<a class=""a-link-normal"" href=""/-/en/s/ref=bl_dp_s_web_18021990031?ie=UTF8&amp;node=18021990031&amp;field-brandtextbin=Kenwood"" id=""bylineInfo"">
           Brand: Kenwood
          </a>",N/A,"<span class=""a-price"" data-a-color=""price"" data-a-size=""m"" id=""tp_price_block_total_price_ww"">
<span class=""a-offscreen"">
                              EGP 1,200.00
                             </span>
<span aria-hidden=""true"">
<span class=""a-price-symbol"">
</span>
<span class=""a-price-whole"">
                               1,200
                               <span class=""a-price-decimal"">
                                .
                               </span>
</span>
<span class=""a-price-fraction"">
                               00
                              </span>
</span>
</span>",09/01/2023,"<span class=""a-icon-alt"">
                4.4 out of 5 stars
               </span>","<span class=""a-size-base"" id=""acrCustomerReviewText"">
             41 ratings
            </span>",https://www.amazon.eg/Kenwood-Toaster-Stylish-Compliment-TCP01-AOWH/dp/B07XCXNY61/ref=sr_1_3?qid=1673224750&refinements=p_72%3A21909187031&rnid=21863827031&s=home-garden&sr=1-3
"<span class=""a-size-large product-title-word-break"" id=""productTitle"">
            Sokany HJT-022 2-Slice Toaster, 700 Watts (International warranty)
           </span>","<a class=""a-link-normal"" href=""/-/en/s/ref=bl_dp_s_web_18021933031?ie=UTF8&amp;node=18021933031&amp;field-brandtextbin=Sokany"" id=""bylineInfo"">
           Brand: Sokany
          </a>",N/A,"<span class=""a-price"" data-a-color=""price"" data-a-size=""m"" id=""tp_price_block_total_price_ww"">
<span class=""a-offscreen"">
                             EGP 401.96
                            </span>
<span aria-hidden=""true"">
<span class=""a-price-symbol"">
</span>
<span class=""a-price-whole"">
                              401
                              <span class=""a-price-decimal"">
                               .
                              </span>
</span>
<span class=""a-price-fraction"">
                              96
                             </span>
</span>
</span>",09/01/2023,"<span class=""a-icon-alt"">
                5.0 out of 5 stars
               </span>","<span class=""a-size-base"" id=""acrCustomerReviewText"">
             1 rating
            </span>",https://www.amazon.eg/-/en/Sokany-HJT-022-2-Slice-International-warranty/dp/B08Z49BP8Q/ref=sr_1_4?qid=1673224750&refinements=p_72%3A21909187031&rnid=21863827031&s=home-garden&sr=1-4
"<span class=""a-size-large product-title-word-break"" id=""productTitle"">
            Luqmet Al qadi Maker
           </span>","<a class=""a-link-normal"" href=""/-/en/s/ref=bl_dp_s_web_18021933031?ie=UTF8&amp;node=18021933031&amp;field-brandtextbin=Other"" id=""bylineInfo"">
           Brand: Other
          </a>",N/A,"<span class=""a-price"" data-a-color=""price"" data-a-size=""m"" id=""tp_price_block_total_price_ww"">
<span class=""a-offscreen"">
                             EGP 65.99
                            </span>
<span aria-hidden=""true"">
<span class=""a-price-symbol"">
</span>
<span class=""a-price-whole"">
                              65
                              <span class=""a-price-decimal"">
                               .
                              </span>
</span>
<span class=""a-price-fraction"">
                              99
                             </span>
</span>
</span>",09/01/2023,"<span class=""a-icon-alt"">
                4.7 out of 5 stars
               </span>","<span class=""a-size-base"" id=""acrCustomerReviewText"">
             10 ratings
            </span>",https://www.amazon.eg/Other-Luqmet-Al-qadi-Maker/dp/B091JLHTR7/ref=sr_1_5?qid=1673224750&refinements=p_72%3A21909187031&rnid=21863827031&s=home-garden&sr=1-5
"<span class=""a-size-large product-title-word-break"" id=""productTitle"">
            Tornado Toaster, 2 Slices, 1000 Watt, White
           </span>","<a class=""a-link-normal"" href=""/-/en/s/ref=bl_dp_s_web_18021933031?ie=UTF8&amp;node=18021933031&amp;field-brandtextbin=Tornado"" id=""bylineInfo"">
           Brand: Tornado
          </a>",N/A,,09/01/2023,"<span class=""a-icon-alt"">
                4.6 out of 5 stars
               </span>","<span class=""a-size-base"" id=""acrCustomerReviewText"">
             7 ratings
            </span>",https://www.amazon.eg/-/en/Tornado-Toaster-Slices-1000-White/dp/B092DZ6FJB/ref=sr_1_6?qid=1673224750&refinements=p_72%3A21909187031&rnid=21863827031&s=home-garden&sr=1-6
"<span class=""a-size-large product-title-word-break"" id=""productTitle"">
            Black &amp; Decker 4 Slice Toaster - 1350W
           </span>","<a class=""a-link-normal"" href=""/-/en/s/ref=bl_dp_s_web_18021933031?ie=UTF8&amp;node=18021933031&amp;field-brandtextbin=Black+%26+Decker"" id=""bylineInfo"">
           Brand: Black &amp; Decker
          </a>",N/A,"<span class=""a-price"" data-a-color=""price"" data-a-size=""m"" id=""tp_price_block_total_price_ww"">
<span class=""a-offscreen"">
                              EGP 2,750.00
                             </span>
<span aria-hidden=""true"">
<span class=""a-price-symbol"">
</span>
<span class=""a-price-whole"">
                               2,750
                               <span class=""a-price-decimal"">
                                .
                               </span>
</span>
<span class=""a-price-fraction"">
                               00
                              </span>
</span>
</span>",09/01/2023,"<span class=""a-icon-alt"">
                5.0 out of 5 stars
               </span>","<span class=""a-size-base"" id=""acrCustomerReviewText"">
             2 ratings
            </span>",https://www.amazon.eg/-/en/Black-Decker-Slice-Toaster-1350W/dp/B098TWCTB3/ref=sr_1_9?qid=1673224750&refinements=p_72%3A21909187031&rnid=21863827031&s=home-garden&sr=1-9
"<span class=""a-size-large product-title-word-break"" id=""productTitle"">
            Sokany HJT008s Toaster, 2 Slices, 700-800 Watt - Black &amp; Silver
           </span>","<a class=""a-link-normal"" href=""/-/en/s/ref=bl_dp_s_web_18021933031?ie=UTF8&amp;node=18021933031&amp;field-brandtextbin=Sokany"" id=""bylineInfo"">
           Brand: Sokany
          </a>",N/A,"<span class=""a-price"" data-a-color=""price"" data-a-size=""m"" id=""tp_price_block_total_price_ww"">
<span class=""a-offscreen"">
                              EGP 650.00
                             </span>
<span aria-hidden=""true"">
<span class=""a-price-symbol"">
</span>
<span class=""a-price-whole"">
                               650
                               <span class=""a-price-decimal"">
                                .
                               </span>
</span>
<span class=""a-price-fraction"">
                               00
                              </span>
</span>
</span>",09/01/2023,"<span class=""a-icon-alt"">
                4.5 out of 5 stars
               </span>","<span class=""a-size-base"" id=""acrCustomerReviewText"">
             2 ratings
            </span>",https://www.amazon.eg/Sokany-HJT008s-Toaster-Slices-700-800/dp/B08PPTXDWF/ref=sr_1_11?qid=1673224750&refinements=p_72%3A21909187031&rnid=21863827031&s=home-garden&sr=1-11
"<span class=""a-size-large product-title-word-break"" id=""productTitle"">
            Manual pan cake maker
           </span>","<a class=""a-link-normal"" href=""/-/en/s/ref=bl_dp_s_web_18021933031?ie=UTF8&amp;node=18021933031&amp;field-brandtextbin=Other"" id=""bylineInfo"">
           Brand: Other
          </a>",N/A,"<span class=""a-price"" data-a-color=""price"" data-a-size=""m"" id=""tp_price_block_total_price_ww"">
<span class=""a-offscreen"">
                              EGP 188.00
                             </span>
<span aria-hidden=""true"">
<span class=""a-price-symbol"">
</span>
<span class=""a-price-whole"">
                               188
                               <span class=""a-price-decimal"">
                                .
                               </span>
</span>
<span class=""a-price-fraction"">
                               00
                              </span>
</span>
</span>",09/01/2023,"<span class=""a-icon-alt"">
                5.0 out of 5 stars
               </span>","<span class=""a-size-base"" id=""acrCustomerReviewText"">
             1 rating
            </span>",https://www.amazon.eg/-/en/Other-PCM1-Manual-cake-maker/dp/B091GDZLF4/ref=sr_1_12?qid=1673224750&refinements=p_72%3A21909187031&rnid=21863827031&s=home-garden&sr=1-12
"<span class=""a-size-large product-title-word-break"" id=""productTitle"">
            Stove Top Kettle Staniless Steel, 1.5 Liter
           </span>","<a class=""a-link-normal"" href=""/-/en/s/ref=bl_dp_s_web_18021933031?ie=UTF8&amp;node=18021933031&amp;field-brandtextbin=Other"" id=""bylineInfo"">
           Brand: Other
          </a>",N/A,,09/01/2023,"<span class=""a-icon-alt"">
                4.0 out of 5 stars
               </span>","<span class=""a-size-base"" id=""acrCustomerReviewText"">
             2 ratings
            </span>",https://www.amazon.eg/-/en/Stove-Kettle-Staniless-Steel-Liter/dp/B091D9FLMG/ref=sr_1_109?qid=1673225039&refinements=p_72%3A21909187031&rnid=21863961031&s=home-garden&sr=1-109
